--------------------------------------------------------
-- T_MENU
Insert into T_MENU (COD_MENU,NOM_MENU,DESCRIPCION) values ('1','VACACIONES','MENU PARA SOLICITAR VACACIONES');
Insert into T_MENU (COD_MENU,NOM_MENU,DESCRIPCION) values ('2','HORAS EXTRAS','MENU PARA SOLICITAR HORAS EXTRAS');
Insert into T_MENU (COD_MENU,NOM_MENU,DESCRIPCION) values ('3','CERTIFICADO LABORAL','MENU PARA GENERAR CERTIFICADOS LABORALES');
Insert into T_MENU (COD_MENU,NOM_MENU,DESCRIPCION) values ('4','COMPROBANTES DE PAGO','MENU PARA GENERAR LOS COMPROBANTES DE PAGO');
Insert into T_MENU (COD_MENU,NOM_MENU,DESCRIPCION) values ('5','CERTIFICADOS DE INGRESO Y RETENCION','MENU PARA GENERAR LOS CERTIFICADOS DE INGRESO Y RETENCION');
Insert into T_MENU (COD_MENU,NOM_MENU,DESCRIPCION) values ('6','EQUIPO DE NOMINA','INFORMACION SOBRE LA JEFATURA DE NOMINA, GENRENCIA DE SERVICIOS COMPARTIDOS ECONOMICOS');
Insert into T_MENU (COD_MENU,NOM_MENU,DESCRIPCION) values ('7','ACTUALIDAD LABORAL','DATOS LABORALES DE LOS ULTIMOS CUATRO AÑOS');
Insert into T_MENU (COD_MENU,NOM_MENU,DESCRIPCION) values ('8','CRONOGRAMA NOVEDADES CIERRE DE NOMINA','MUESTRA LA FECHA DE CIERRE DE NOVEDADES PARA LOS COLABORADORES DIRECTOS');

-- T_SUB_MENU
Insert into T_SUB_MENU (COD_SUB_MENU,NOM_SUB_MENU,COD_MENU,DESCRIPCION) values ('1','SOLICITAR VACACIONES','1','ITEM DEL MENU VACACIONES PARA SOLICITAR VACACIONES');
Insert into T_SUB_MENU (COD_SUB_MENU,NOM_SUB_MENU,COD_MENU,DESCRIPCION) values ('2','ACEPTAR RECHAZAR VACACIONES','1','ITEM DEL MENU VACACIONES PARA ACEPTAR, RECHAZAR Y EDITAR VACACIONES');
Insert into T_SUB_MENU (COD_SUB_MENU,NOM_SUB_MENU,COD_MENU,DESCRIPCION) values ('3','SOLICITAR HORAS EXTRAS','2','ITEM DEL MENU HORAS EXTRAS PARA SOLICITAR HORAS EXTRAS');
Insert into T_SUB_MENU (COD_SUB_MENU,NOM_SUB_MENU,COD_MENU,DESCRIPCION) values ('4','ACEPTAR RECHAZAR HORAS EXTRAS','2',null);
Insert into T_SUB_MENU (COD_SUB_MENU,NOM_SUB_MENU,COD_MENU,DESCRIPCION) values ('5','GENERAR CERTIFICADO LABORAL','3',' ');
Insert into T_SUB_MENU (COD_SUB_MENU,NOM_SUB_MENU,COD_MENU,DESCRIPCION) values ('6','GENERAR COMPROBANTE DE PAGO','4',' ');
Insert into T_SUB_MENU (COD_SUB_MENU,NOM_SUB_MENU,COD_MENU,DESCRIPCION) values ('7','GENERAR CERTIFICADO INGRESO Y RETENCION','5',' ');
Insert into T_SUB_MENU (COD_SUB_MENU,NOM_SUB_MENU,COD_MENU,DESCRIPCION) values ('8','INFORMACION DE EQUIPO DE NOMINA','6',' ');
Insert into T_SUB_MENU (COD_SUB_MENU,NOM_SUB_MENU,COD_MENU,DESCRIPCION) values ('9','INFORMACION ACTIVIDAD LABORAL','7',' ');
Insert into T_SUB_MENU (COD_SUB_MENU,NOM_SUB_MENU,COD_MENU,DESCRIPCION) values ('10','INFORMACION CRONOGRAMA CIERRE DE NOMINA','8',' ');

-- T_ROL_ESPECIAL
Insert into T_ROL_ESPECIAL (COD_ROL_ESPECIAL,NOM_ROL_ESPECIAL,DESCRIPCION) values ('1','ESPECIAL8','PRUEBA DE ROL');

-- T_ROLES
Insert into T_ROLES (COD_ROL,TIPO_ROL,SENTENCIA,DESCRIPCION) values ('1','SENA','SELECT DISTINCT EB.CEDULA FROM EMPLEADOS_BASIC EB INNER JOIN EPL_GRUPOS EG ON EG.COD_GRU IN (SELECT VAR_CARAC FROM PARAMETROS_NUE PN WHERE PN.NOM_VAR IN(:GRU1,:GRU2,:GRU3)) AND EG.COD_EPL = EB.COD_EPL','Cedula de los usuarios que tienen rol tipo SENA');
Insert into T_ROLES (COD_ROL,TIPO_ROL,SENTENCIA,DESCRIPCION) values ('2','RASO','SELECT EB.CEDULA FROM EMPLEADOS_BASIC EB WHERE EB.CEDULA NOT IN (SELECT * FROM V_AUTOGES_ROLES_NO_RASOS)','Cedula de los usuarios que tienen rol tipo RASO');
Insert into T_ROLES (COD_ROL,TIPO_ROL,SENTENCIA,DESCRIPCION) values ('3','JEFE','SELECT DISTINCT NRO_CEDULA FROM JEFES','Cedula de los usuarios que tienen rol tipo JEFE');
Insert into T_ROLES (COD_ROL,TIPO_ROL,SENTENCIA,DESCRIPCION) values ('4','ADMIN','SELECT DISTINCT EB.CEDULA FROM EMPLEADOS_BASIC EB INNER JOIN T_ADMIN TA ON TA.COD_EPL = EB.COD_EPL','Cedula de los usuarios que tienen rol tipo ADMIN');

-- T_RELACION_MENU_ROL
Insert into T_RELACION_MENU_ROL (COD_ROL,COD_SUB_MENU) values ('1','5');
Insert into T_RELACION_MENU_ROL (COD_ROL,COD_SUB_MENU) values ('1','6');
Insert into T_RELACION_MENU_ROL (COD_ROL,COD_SUB_MENU) values ('1','8');
Insert into T_RELACION_MENU_ROL (COD_ROL,COD_SUB_MENU) values ('2','1');
Insert into T_RELACION_MENU_ROL (COD_ROL,COD_SUB_MENU) values ('2','3');
Insert into T_RELACION_MENU_ROL (COD_ROL,COD_SUB_MENU) values ('2','5');
Insert into T_RELACION_MENU_ROL (COD_ROL,COD_SUB_MENU) values ('2','6');
Insert into T_RELACION_MENU_ROL (COD_ROL,COD_SUB_MENU) values ('2','7');
Insert into T_RELACION_MENU_ROL (COD_ROL,COD_SUB_MENU) values ('2','8');
Insert into T_RELACION_MENU_ROL (COD_ROL,COD_SUB_MENU) values ('2','9');
Insert into T_RELACION_MENU_ROL (COD_ROL,COD_SUB_MENU) values ('2','10');
Insert into T_RELACION_MENU_ROL (COD_ROL,COD_SUB_MENU) values ('3','1');
Insert into T_RELACION_MENU_ROL (COD_ROL,COD_SUB_MENU) values ('3','2');
Insert into T_RELACION_MENU_ROL (COD_ROL,COD_SUB_MENU) values ('3','3');
Insert into T_RELACION_MENU_ROL (COD_ROL,COD_SUB_MENU) values ('3','4');
Insert into T_RELACION_MENU_ROL (COD_ROL,COD_SUB_MENU) values ('3','5');
Insert into T_RELACION_MENU_ROL (COD_ROL,COD_SUB_MENU) values ('3','6');
Insert into T_RELACION_MENU_ROL (COD_ROL,COD_SUB_MENU) values ('3','7');
Insert into T_RELACION_MENU_ROL (COD_ROL,COD_SUB_MENU) values ('3','8');
Insert into T_RELACION_MENU_ROL (COD_ROL,COD_SUB_MENU) values ('3','9');
Insert into T_RELACION_MENU_ROL (COD_ROL,COD_SUB_MENU) values ('3','10');
Insert into T_RELACION_MENU_ROL (COD_ROL,COD_SUB_MENU) values ('4','1');
Insert into T_RELACION_MENU_ROL (COD_ROL,COD_SUB_MENU) values ('4','2');
Insert into T_RELACION_MENU_ROL (COD_ROL,COD_SUB_MENU) values ('4','3');
Insert into T_RELACION_MENU_ROL (COD_ROL,COD_SUB_MENU) values ('4','4');
Insert into T_RELACION_MENU_ROL (COD_ROL,COD_SUB_MENU) values ('4','5');
Insert into T_RELACION_MENU_ROL (COD_ROL,COD_SUB_MENU) values ('4','6');
Insert into T_RELACION_MENU_ROL (COD_ROL,COD_SUB_MENU) values ('4','7');
Insert into T_RELACION_MENU_ROL (COD_ROL,COD_SUB_MENU) values ('4','8');
Insert into T_RELACION_MENU_ROL (COD_ROL,COD_SUB_MENU) values ('4','9');
Insert into T_RELACION_MENU_ROL (COD_ROL,COD_SUB_MENU) values ('4','10');
Insert into T_RELACION_MENU_ROL (COD_ROL,COD_SUB_MENU) values ('1','9');
Insert into T_RELACION_MENU_ROL (COD_ROL,COD_SUB_MENU) values ('1','10');

-- T_USUARIO_ROL_ESPECIAL
Insert into T_USUARIO_ROL_ESPECIAL (COD_USUARIO_ESPECIAL,COD_ROL_ESPECIAL) values ('10542050','1');

-- T_REL_SUBMENU_ESPECIAL
Insert into T_REL_SUBMENU_ESPECIAL (COD_ROL_ESPECIAL,T_SUB_MENU) values ('1','1');
Insert into T_REL_SUBMENU_ESPECIAL (COD_ROL_ESPECIAL,T_SUB_MENU) values ('1','5');
Insert into T_REL_SUBMENU_ESPECIAL (COD_ROL_ESPECIAL,T_SUB_MENU) values ('1','4');

